1 | 2 Left Thumbs | UCzhsgv42h35NyQh_xfycB-Q
2 | 3 Wheeler Band Official | 3wheelerband
3 | 3Blue1Brown | UCYO_jab_esuFRV4b17AJtAw
4 | 6oodfella | 6oodfella
5 | 666MrDoom | UC7eKF0lPY8LNwfczq9UFlxg
6 | 666MrDoom | UCrsFQhMK_pWyfrxYHnDDcpg
7 | 1001 STONED | UCp2yIacx5x7MCn59YiMqnog
8 | A+Start | AandStart
9 | aathma | aathmaband
10 | ABRAHAM BAND | ABRAHAMTHEBAND
11 | Academind | UCSJbGtTlrDami-tDGPUV9-w
12 | Acid Mothers Temple & the Melting Paraiso U.F.O. - Topic | UCAPb_-TkQii8YR88GglJs7w
13 | Acid Witch - Topic | UC4y246r5Z4iUmR8o6BoHy-Q
14 | Aether Hub | seibenlore
15 | After Skool | UC1KmNKYC1l0stjctkGswl6g
16 | Alex | FrenchGuyCooking
17 | Alpha Investments | UCTp-iVOtTrKau0skmfZlo5Q
18 | AlphaOmegaSin | AlphaOmegaSin
19 | Alpharad | alpharadd
20 | Alpharad Deluxe | UC2gB7YCgfHIskI3HsY1teDw
21 | Amazing Atheist | TheAmazingAtheist
22 | Amon Amarth | AmonAmarthOfficial
23 | Ana Alcaide | anaalcaidemusica
24 | Ancient Recitations | UCSMG40p6XHFTeXv5noF6Wdw
25 | Android Training Program | UCIEBWb2nz2huEllUHhH4Lfg
26 | Andy Sterkowitz | UCZ9qFEC82qM6Pk-54Q4TVWA
27 | AntsCanada | AntsCanada
28 | António Monteiro | monteiro1964
29 | AOP Records | UCYHIlIot9cfWeN2GFt2U36Q
30 | Applied Science | bkraz333
31 | Arch | UChS9wazLlTUHSTeKVG39hZw
32 | Archaeosoup | Archaeos0up
33 | Arlo | ArloStuff
34 | ATreeOfSigns | ATreeOfSigns
35 | Atrioc | Atrioc
36 | Austin John Plays | HoustDark4life
37 | AvE | arduinoversusevil
38 | AWE me | AweMeChannel
39 | Babish Culinary Universe | bgfilms
40 | Balls Of Steel | BallsOfSteelA3M
41 | BANGERTV - All Metal | BangerFilmsInc
42 | Barely Sociable | UC9PIn6-XuRKZ5HmYeu46AIw
43 | Baroness | BaronessMusic
44 | Bearing | UCwW_vaMPlq8J4weKDsfeJzw
45 | beastwars band | beastwarsband
46 | BeatEmUps | BeatEmUps
47 | Because Science | UCvG04Y09q0HExnIjdgaqcDQ
48 | Bees Made Honey In The Vein Tree | UC-HFTxjDU5oXYmF45gmxb0Q
49 | Benjamin | UCkcnYVAVZQOB-nXHechtXDg
50 | Benjamin Cowen | UCRvqjQPSeaWn-uEx-w0XOIg
51 | Bersærk | UCumQXKHtc7Q71a5_iZGDx6A
52 | bigclivedotcom | bigclivedotcom
53 | Bite-sized Philosophy | UCo9QgwWCNEhDxL1gH-jxa8Q
54 | Black Doldrums | UCzT_vs2Aj5fcjdVV91QHbmQ
55 | blackpenredpen | blackpenredpen
56 | blood nut | BLOODNUTtheBAND
57 | Bloody Hammers | BloodyHammers73
58 | Bludy Gyres | bludygyres
59 | Blues Pills | BluesPills
60 | Bode Preto | BODEPRETORecords
61 | Bong Breaker | bongbreakerband
62 | Boss Keloid | KeloidTV
63 | BradyStuff | BradyStuff
64 | brandon coin | UCrkE7jfbzqzRlWKZ5DU5tXA
65 | Brandon Herrera | TheAKGuy1974
66 | Bret Fisher Docker and DevOps | UC0NErq0RhP51iXx64ZmyVfg
67 | Brew | UCVQGtUcRjHTQLTTu-5s9_4Q
68 | Brian Will | briantwill
69 | Brieg Guerveno | briegguerveno
70 | britishmuzzleloaders | britishmuzzleloaders
71 | Burn The Sun | SunTheBurn
72 | Burning World Records | UC69Kf5AnEXrqzfqqmlINHZQ
73 | Byte My Bits | UCB2TRuFjwgWdbHEaGHP1kfw
74 | C&Rsenal | UClq1dvO44aNovUUy0SiSDOQ
75 | Camel Driver | CamelDriverBand
76 | Camel of Doom | fearless1000
77 | Candlelight Records | candlelightrecs
78 | capandball | capandball
79 | CaravanPalace | CaravanPalace
80 | Cassie Jaye | Cassiejaye
81 | Centerstrain01 | Centerstrain01
82 | Century Media Records | CenturyMedia
83 | Channel Awesome | achannelthatsawesome
84 | Chariot Of Black Moth | ChariotOfBlackMoth
85 | Charles Hoskinson | charleshoskinson
86 | Charlie Berens | fivedlrmilkshake
87 | ChemicalForce | UCqONNjBkukcc2yXbmHL8niQ
88 | ChilliChump | UCSdNragfmbW_bqzUYBKIK_A
89 | Chris Titus Tech | homergfunk
90 | Chris' Tutorials | darkskeletontuts
91 | Chubbyemu | UCKOvOaJv4GK-oDqx-sj7VVg
92 | Church of the Cosmic Skull | UCg9p4sQp78EJHal_3RGq_JA
93 | CinemaSins | CinemaSins
94 | Cinemassacre | JamesNintendoNerd
95 | Cinemassacre Clips | Cinemassacre
96 | CJ | cjgarof
97 | Clever Programmer | UCqrILQNl5Ed9Dz6CGMyvMTQ
98 | Code Bullet | UC0e3QhIYukixgh5VVpKHH9Q
99 | CodePulse | UCUVahoidFA7F3Asfvamrm7w
100 | Coding Secrets | UCkY047vYjF92-8HcoVTXAOg
101 | Coding Tech | UCtxCXg-UvSnTKPOzLH4wJaQ
102 | Cody'sBLab | UC2MJylovjrLtsGP0_4UrqrQ
103 | Cody'sLab | theCodyReeder
104 | Coffeezilla | UCFQMnBA3CS502aghlcr0_aw
105 | Coin Bureau | UCqK_GSMbpiV8spgD3ZGloSw
106 | CoinDesk | CoinDesk
107 | ColdFusion | coldfustion
108 | Comics Explained | fluidicbeats
109 | Computerphile | Computerphile
110 | Copenhagen Suborbitals | CphSuborbitals
111 | Corey Schafer | schafer5
112 | Cosmic Fall | UCungLkuUS2gVuTjYR5G78OQ
113 | Cosmic Tentacles | UC_VHaqBE_Vs08bcwMOEFPQg
114 | Count Dankula | UC7SeFWZYFmsm1tqWxfuOTPQ
115 | Count Dankula 2 : Electric Boogaloo | UCRLO8HU2LWaMH6mjbQ1falQ
116 | Cracked | Cracked
117 | Craft Computing | UCp3yVOm6A55nx65STpm3tXQ
118 | Cristina Pato | crisistina
119 | crumbsIRL | UCNQDPnBbDvEzp-jniZsHBNg
120 | Crypto Crew University | UC7ndkZ4vViKiM7kVEgdrlZQ
121 | CS Dojo | UCxX9wt5FWQUAAz4UrysqK9A
122 | CultOfDoom | CultOfDoom
123 | D!NG | UClq42foiSgl7sSpLupnugGA
124 | Dame Pesos | UC7eWRnOTyqua812sDXGqiqw
125 | dannydinosaur | UClosDr1syEuQtPCnpKu1hWA
126 | Darqo | UCf1d3OMcEHhgu5bVVlTbDOA
127 | David Guyton | davidjguytondotcom
128 | dazkariehofficial | dazkariehofficial
129 | Death Grips | deathgrippin
130 | debuglive | debuglive
131 | DeepSkyVideos | DeepSkyVideos
132 | DeepWinterDuo | DeepWinterDuo
133 | demonicdeathjudge | demonicdeathjudge
134 | DenpaFuzz | UCbJviiwyKHkv5hTlVv8NjlA
135 | DesertStormUK | DesertStormUK
136 | Desolator Gaming | UC-QSulw75LLhbXHHAD6g8xw
137 | DesolatorMagic | Desolator144
138 | Destroyers Of All | DestroyersOfAll
139 | Devil ElectricTV | UCgLmHzV4zMVLNFdUakvRfhQ
140 | DidYouKnowGaming? | DYKGaming
141 | DistroTube | UCVls1GmFKf6WlTraIb_IaJg
142 | DIY Perks | DIYPerks
143 | DJ BBQ | raduk8
144 | Domadora HeavyPsych | rockingcrash
145 | Donna Burke | UCwl3O6yIEVSY49XwOS1QTpA
146 | Doom Lord | Doom666Lord
147 | Doom Scene | UCLREofVHJE9AOWNxlQhzauw
148 | DOT LEGACY | dotlegacytv
149 | Doug's Lab | DougsLab
150 | DR Koncerthuset | Koncerthuset
151 | droidsattack | droidsattack
152 | Dropkick Murphys | dropkickmurphys
153 | DUNE PILOT | UCQIAnChgOuKF5Ih04HhjxNg
154 | dustin penner | UCi5vt68L_LY7SWnZeO1ky0w
155 | Earache Records | earacherecords
156 | Economics Explained | JitaLounge
157 | Electric Age | UCz35vIzXqcbM7U2tQuNKC0w
158 | Electric Moon | ElectricMoon2012
159 | ElectroBOOM | msadaghd
160 | Elephant Tree | UCIh-1_aISG5KtLvBEbThGTA
161 | Elvis The Alien | UChc-m3saf8K2oJHDSsnsj_A
162 | Emergency Survival Tips | UCAkIk9IOjF8y4r-SWqgNSPw
163 | Engineer Man | UCrUL8K81R4VBzm-KOYwrcxQ
164 | Ephedraband | Ephedraband
165 | Epic Gardening | EpicGardening
166 | Epitaph Records | EpitaphRecords
167 | Erica Griffin | TheAngelofmusic1989
168 | Estradasphere - Topic | UCUhK_n76x6MjQbvdwohIHLQ
169 | Ethereal Riffian | UCXvxNJpBTx9o_ftjD8sAf6w
170 | European Speedrunner Assembly | EuroSpeedAssembly
171 | ExplainingComputers | explainingcomputers
172 | Explosions&Fire | UCVovvq34gd0ps5cVYNZrc7A
173 | FamilyJules | FamilyJules7X
174 | Fangs Of The Molossus | jonvendetta
175 | fantano | UCnxQ8o9RpqxGF2oLHcCn9VQ
176 | FDA Records | fdarekotz
177 | Fearless Records | FearlessRecords
178 | Felix Martin | felixmartine
179 | FERE | UC0I3P6BYYc20-ced9e-aWZQ
180 | Filmento | Filmento
181 | FlintknapperJimmy | FlintknapperJimmy
182 | Focusbreak Habeeb | UCmRB15NbH71v5LYx7HccO5A
183 | Forgotten Weapons | ForgottenWeapons
184 | Forming The Void | UCTVqJFWZceIsaHawUlG2TQA
185 | ForrestKnight | UC2WHjPDvbE6O328n17ZGcfg
186 | Fredrik Knudsen | UCbWcXB0PoqOsAvAdfzWMf0w
187 | freeCodeCamp.org | UC8butISFwT-Wl7EV0hUK0BQ
188 | FreshCap Mushrooms | UCkzY4M9kg2VmqJ2nNcNM8hw
189 | Frog Leap Studios | leolego
190 | From Seed to Stoned | UCYzBVni4Q-CZbwOHdBWB-9A
191 | FuelEaterBand | FuelEaterBand
192 | Funny Or Die | FunnyorDie
193 | G00SE | UCy4dFmslmniipW9c2yUJzpw
194 | Gad Saad | UCLH7qUqM0PLieCVaHA7RegA
195 | Galactic Tyrannosaur | UCnO1ubBG1K1vVtqOnldbwGw
196 | Game Music Collective | UCuDY3TdyceBcSCB3c3pp8nA
197 | Game Sack | MrGameSack
198 | Gamers Nexus | GamersNexus
199 | Games Done Quick | gamesdonequick
200 | GameTechUS | GameTechUS
201 | GamingBolt | GamingBoltLive
202 | Garand Thumb | BritishTang
203 | Garden Talk with Mr. Grow It | UC9GzxSYh-Ha3kkC0zfXb5oQ
204 | Gear Gods | geargodsnet
205 | Gemineye | UCiyHjySssJUIyuVNmVjJVJw
206 | GmanLives | Gggmanlives
207 | Gokanaru | Gokanaru
208 | Goobertown Hobbies | UCOviJ8lr6PHli_PjCH0a-4g
209 | Good to Die Records | goodtodierecords
210 | Gopnik Gaming | UCcBT8-Rtq7FRJTFKX8NYCzA
211 | GOROD | UCz5Xao-D3BbM1eTzslcuIpA
212 | GradeAUnderA | GradeAUnderA
213 | Graham Stephan | UCV6KDgJskWaEckne5aPA0aQ
214 | GreatScott! | greatscottlab
215 | Green Beetle | greenbeetlegear
216 | Grimlet | grimlet
217 | Gryphus Visual | UCKSzM1AjZN6M5qvcD5005iA
218 | HackerOne | UCsgzmECky2Q9lQMWzDwMhYw
219 | HackerSploit | UC0ZTPkdxlAKf-V33tqXwi3Q
220 | Hak5 | Hak5Darren
221 | Hal | UCT5y7BAocgM-PeXpVCvyG4g
222 | Hands on History AS | UCuNXj6rnlMjSh6D54sFJIZg
223 | Hangman's Chair | UCIivT-DKIFSOBWKGC6tU3dw
224 | HappyAtom | HappyAtomIRL
225 | Harmful Opinions | UCs2ALByxoNZU4Vj-uTAP-YQ
226 | Hear Ya | hearya17
227 | Heavy Blue Stone Records | UCcAgZnX06QxwCeEqEEUrddQ
228 | HEAVY PSYCH SOUNDS RECORDS | MonoStereo79
229 | Heavydeath | UCt0qj6xcFf_auMlpURlBqLQ
230 | Heme Review | UCNSoNc9s67nfOGlCXSu5VsA
231 | Hey YK | UCV5pyEJ-iUKtj457-WueMXg
232 | Hidria Spacefolk - Topic | UCNTRzMuYkh1rvCdmq7GA7hg
233 | HighFighter | UCCQs2SQ4RalSwE9T5lsBicA
234 | History Buffs | UCggHoXaj8BQHIiPmOxezeWA
235 | HOGGBand | HOGGBand
236 | Hopewellmj | UCMXdBEYmng0bScy-i3NMf9A
237 | Horisont | Horisontmusik
238 | Household Hacker | HouseholdHacker
239 | Humbaba | UCdAGpKEbADrN6Dl_De8xCUw
240 | HuntsmenBand | HuntsmenBand
241 | Hydra Head Records | HYDRAHEADINDUSTRIES
242 | HYPERLOUPE | HYPERLOUPE
243 | Hypnox Gaming | hypnooxx
244 | Hyrule Dude | UCoH5DbwmgbWvoiliA1gEW6w
245 | I Hate Everything | IHEOfficial
246 | I Like To Make Stuff | iliketomakestuffcom
247 | I.T. Career Questions | PCSimplest
248 | Incognito Mode | UC8Q7XEy86Q7T-3kNpNjYgwA
249 | InRangeTV | UCeUNM9NqJqZXfRNeuW4_2sg
250 | Insect Ark | insectark
251 | Integza | UC2avWDLN1EI3r1RZ_dlSxCw
252 | Internet Historian | UCR1D15p_vdP3HkrH8wgjQRw
253 | Investing Made Simple - Nathan Sloan | UCz4XY6NPKaMUWNWMONTw3NQ
254 | IOHK | UCBJ0p9aCW-W82TwNM-z3V2w
255 | Ipecac Recordings | ipecacrecordings
256 | It'sAGundam | UCbQ4fbi0fy3d6Hb7q2FIATw
257 | ItsAGunpla | UCGXRuKYOJrjq707q8khhaMA
258 | Jack of Some | UCe6ABcJkH_Gso9HJOt4x9fg
259 | JAMBINAI Official | UCiVX7LyQ_zfqqwbptrra9hA
260 | Jason Pizzino | highcarbhealth
261 | JayzTwoCents | Jayztwocents
262 | Jazza | DrawWithJazza
263 | JazzBreakTV | JazzBreakTV
264 | Jeff Geerling | geerlingguy
265 | Jeremy Fragrance | Jeremyfragrance
266 | Jim Sterling | JimSterling
267 | Jimmy Tries World | UCM3hWnv_tshvTS660fhHH7A
268 | Joe James | joejamesusa
269 | JoergSprave | JoergSprave
270 | Johnny Azari | thetropicofentropy
271 | Jolly Roger Records | JOLLYROGERMUSIC
272 | Jordan B Peterson | JordanPetersonVideos
273 | Justin Johnson | justinjohnsonlive
274 | Kalle Hallden | UCWr0mx597DnSGLFk1WfvSkQ
275 | Karl Jobst | karljobst
276 | KefkaProduction | KefkaProduction
277 | Kevin Powell | KepowOb
278 | Khemmis | UCqGna6TvMDQ_gMT_W7lqE4g
279 | King Bong | UCDNlGGjqg5HCD8hzXcRbRdA
280 | King Crimson | DGMLiveHQ
281 | King Crocoduck | KingCrocoduck
282 | Kings and Generals | UCMmaBzfCCwZ2KqaBJjkj0fw
283 | kiraigigs | n4eed2
284 | KnowledgeHub | UC2_KC8lshtCyiLApy27raYw
285 | Kraut | UCr_Q-bPpcw5fJ-Oow1BW1NQ
286 | Kruggsmash | kruggsmash
287 | KTBTC | KATABATICband
288 | Kunde | Joramboo
289 | Kyle Hill | ScienceBasedLife
290 | La P'tite Fumée | UCwXEuIq6bAlYr_hdtSpv2jQ
291 | Larry Bundy Jr | LarryBundyJr
292 | Lauren Chen | UCLUrVTVTA3PnUFpYvpfMcpg
293 | Lauren Southern | UCla6APLHX6W3FeNLc8PYuvg
294 | Leo Takacs // Scam Baiting | UCOkhTr4FqEAWRz2UecVsh4g
295 | Les Doigts de l'Homme | LDDLH
296 | Lex Blazer | UC2Ay5-9XXqaiDS_bcMpZ8YA
297 | Lex Fridman | lexfridman
298 | LGR | phreakindee
299 | Life of Boris | NocturnoPlays
300 | Linus Tech Tips | LinusTechTips
301 | Little Big | UCu7TZ_ATWgjgD9IrNLdnYDA
302 | LiveOverflow | UClcE-kVhqyiHCcjYwcpfj9w
303 | Logicked | logicked
304 | Lone Crows | UCRGd92H3qdgusbrUFba1o9w
305 | Looking Glass Universe | LookingGlassUniverse
306 | Lord Woland | UCeI20WEpU_9raspY4OBBaEg
307 | Louis Le Vau | UC4k3HO5n3aSq_bayF-UHiGg
308 | Louis Rossmann | rossmanngroup
309 | Low Budget Stories | UCqM1Yw5XfJ5rVwCntLy0KxA
310 | LRRMTG | UCicNMfc3PGR1H2yPOxFJrLA
311 | Luke Smith | UC2eYFnH61tmytImy1mTYvhA
312 | Lumerians - Topic | UCJp1e7XrQd_zdu661ZSIlhw
313 | LÂMINA is Evil | LamaIsEvil
314 | Magic Arcanum | UCOgC4meCgfbQj7fv4un1KLQ
315 | Magnetic Eye Records | MagneticEyeRecords
316 | Magog of Morskar | UCxJWPpPED-J24znoKyKZYjg
317 | Make N' Create | UCbOOTKHBOXyFfACvhGJnSCg
318 | Maker's Muse | TheMakersMuse
319 | MamaMax | UCpofQJ6RpHrxuUG4ghXPJBA
320 | MAMMOTHWING | MAMMOTHWING
321 | Mamontswe | Mamontswe
322 | MandaloreGaming | MandaloreGaming
323 | Mang Ont | UCqctgaXthev__eso0qKjklw
324 | Mangog Official | UCgzjstapKKHf7v8m4_gotYA
325 | MANTAR Band | mantarband
326 | Mark Rober | onemeeeliondollars
327 | Marobud | UCs9ysy1J9IxADxTe6F4RuLw
328 | MARS ERA - Official | UC5gavuhF-W_mGQ9HKctbb3A
329 | Mastodon | MastodonMusic
330 | Mathologer | UC1_uAIS3r8Vu6JjXWvastJg
331 | Mathologer 2 | UCH74Hc_7WYVzx1GXhLEH6Eg
332 | Matt Christiansen | LibraryOfCODRage
333 | Matthew Shezmen | Shezmen88
334 | MauLer | TheMauLerYT
335 | Men of the West | UCItHdUEqlpfvDlcCeyZwH6w
336 | Mental Outlaw | MentalOutlawStudios
337 | Metal Blade Records | MetalBladeRecords
338 | Metal Hammer | MetalHammerTV
339 | Metal Injection | metalinjection
340 | MetalJesusRocks | MetalJesusRocks
341 | Metatron | UCIjGKyrdT4Gja0VLO40RlOw
342 | Metokurist Murdochian Archiver | UCEL5udLvhpEOG8Lc9O-xbmQ
343 | Mexicomatheband | Mexicomatheband
344 | Miller Knives | UC0dtFVG8ppG325ggtXLUpIw
345 | MindYourDecisions | MindYourDecisions
346 | Miniac | SDubist
347 | Miniature Hobbyist | UC42xwxWun-EPWQVZwxVO9JA
348 | minutephysics | minutephysics
349 | Mister Metokur | UCfYbb7nga6-icsFWWgS-kWw
350 | Mitten Squad | iAmMitten
351 | Modern Vintage Gamer | jimako123
352 | Money & Macro | UCCKpicnIwBP3VPxBAZWDeNA
353 | Monkey3 | soundofmonkey
354 | Moon | UCmFeOdJI3IXgTBDzqBLD8qg
355 | MorassOfMolasses | MorassOfMolasses
356 | mountcarmelofficial | mountcarmelofficial
357 | Mr Tru1te | Partan11794
358 | Mr. Canucks Grow | UCtU2-cpxx18iQ4BvracrxDQ
359 | Mr. Dapperton | hxcrocker75
360 | MR. OBVIOUS | UCyznn3etx_6fSK7576JSrKg
361 | MrLlamaSC | MrLlamaSC
362 | MrStonebeliever | MrStonebeliever
363 | MrStonebeliever2 | UCYz23uwBWpecd2lVRYDMYHA
364 | Mudbath | UCTs0x0jJxebrbQP29Ar9VGQ
365 | Mycolab Solutions | UC12pheYDPWl_oaiEWpG4JKA
366 | MZshrooms | MZshrooms
367 | n u d i s t | NudistOfficial
368 | Nachi FREE | UCV7zJQYrTx2jSZ3Mz0Wo1vA
369 | NAGA DOOM | StoneRock
370 | Naga Doom | UCB1jYmBIXGM9CliCkrciatw
371 | Napalm Records | napalmrecords
372 | NativLang | NativLang
373 | Nerdforge | UCggHsHce2n3vvbJf_8YKrMA
374 | nerdSlayer Studios | EXFORCEGAMER
375 | Neurot Recordings | NeurotRecordings
376 | Nexpo | UCpFFItkfZz1qz5PpHpqzYBw
377 | Nick Chapsas | ElfocrashDev
378 | Niels Provos | mintwart
379 | NightHawkInLight | Nighthawkinlight
380 | NileBlue | UC1D3yD4wlPMico0dss264XA
381 | NileRed | TheRedNile
382 | Ninjon | 82Smallz
383 | Nintendo | Nintendo
384 | Nintendo Life | nintendolife
385 | NintendoBlackCrisis | NintendoBlackCrisis
386 | No Man's Valley | nomansvalley
387 | No REEfunds | UC8VNj18hKxw1I8de-FybM-Q
388 | Novadriver - Topic | UCOV6DSD8xay-Mc17wEGzKcw
389 | November Might Be Fine | UCmtUnZih44MGfnbaTcPXK5g
390 | Nuclear Blast Records | NuclearBlastEurope
391 | Null Byte | UCgTNupxATBfWmfehv21ym-g
392 | Numberphile | numberphile
393 | Numberphile2 | UCyp1gCHZJU_fGWFf2rtMkCg
394 | NurdRage | NurdRage
395 | NYC CNC | saunixcomp
396 | Obey The Riff | ObeyTheRiff
397 | Odd Tinkering | UCf_suVrG2dA5BTjJhNLwthQ
398 | Odin Makes | UCQ0rE-bxmi6Vl09ARe7qROw
399 | Officer Gregg -OG’s Danger Show | Tahow7798
400 | Ogre | UCFqrzOry64eXUDvc6yFcsPQ
401 | Old Red Skin | UCcDzLzjI0yUvqoYyUYdikyg
402 | OneGodLess Official | UCHjoAYqqYwTEjFJmFXYeQZg
403 | OneyNG | OneyNG
404 | oniirica | oniirica
405 | openboosters | UCc3eyWQlemti0n0A1zRFUjg
406 | Opeth | OpethOfficial
407 | Oracle APEX | UCEpIXFjcQIztReQNLymvYrQ
408 | Orange Blossom Jam | UCxqxdBsEok_4j-Q2aexbYZw
409 | Ordinary Things | UCxLYtICsUCWdr1YPrj5DtwA
410 | OTUS783 | OTUS783
411 | Overly Sarcastic Productions | RedEyesTakeWarning
412 | oxford coma | theoxfordcoma
413 | OzTalksHW | UC6Jxh95N32m1JvKG_-fQ6QQ
414 | paleomanjim | paleomanjim
415 | Panzerballett | mcblack128
416 | Paradise Seeds | paradiseseedscom
417 | Pater Nembrot | UCTXZd4LvdQbTjxmvjnmQY-A
418 | Patrick | UC-EREEErQQqgYNyNB4YGQnQ
419 | Patrick Boyle | UCASM0cgfkJxQ1ICmRilfHLw
420 | Paul Joseph Watson | PrisonPlanetLive
421 | Pedro's Grow Room | dryeguy3544
422 | People Ruin Everything | UCFAWGdmiwzSkeF3AALEp3Bg
423 | Periodic Videos | periodicvideos
424 | PeterSweden | UCLJP8h2X8AzonANnF_ZkuAw
425 | Philion | UCgKJPhVzv8w0VaZFnS_VmaA
426 | PolyMatter | UCgNg3vwj3xt7QOrcIDaHdFg
427 | Prehistoric Pigs | UCq-j8d1UJT95C8F_QhqkZkg
428 | Primitive Pathways | primitivepathways
429 | Primitive Technology | UCAL3JXZSzSm8AlZyD3nQdBA
430 | Processing | UCeyJbY9g9spG7u8kfs2WrwQ
431 | Prophecy Productions | prophecyBC
432 | ProstheticRecords | ProstheticRecords
433 | Psyched Substance | UCn8V3KNSgDr1Dai77_y8JrQ
434 | Psymposia | UCR3eFI36RVTeWc0UrAAm9ZA
435 | Rainer König | koenighaunstetten
436 | Red Lama | UCj4KwcG20U4T4DSUkHpZSng
437 | Red Mesa | RedMesaBand
438 | reignwolfofficial | reignwolfofficial
439 | RelapseRecords | RelapseRecords
440 | Reptiliatus | Reptiliatus
441 | RetroGameTech | RetroGameTech
442 | RetroRepairs | amace09
443 | ReviewTechUSA | ReviewTechUSA
444 | RGT 85 | UCA5RGaQc-a8tIX_AqTTmWdw
445 | Riddle Channel | UC7CyQGwsqZC2_jXEGVECEdg
446 | RidingEasy Records | EasyRiderRecords
447 | Riff Rock Records | UCBUaK__Q13Yz_2ekObwComA
448 | Ripple Music | GroovesandRipples
449 | Rise Above Records | RiseAboveRecordsTV
450 | riserecords | riserecords
451 | Rishabh Seen | UCeZDnmLvvH070biIXZJTnkQ
452 | ROB HAMMER *stonerdoom*psych*sludge*grunge*metal* | rhammer68
453 | Rock Freaks [official] | stonerdeluxe1
454 | Romanian TVee | veemonro
455 | Rozamov | Rozamov
456 | RuffHouse Studios | RuffHouseStudios
457 | Ryan Long | phatbredrens
458 | Sahg | Sahgband
459 | Sargon of Akkad | SargonofAkkad100
460 | Sargon of Akkad Live | UC6cMYsKMx6XicFcFm7mTsmA
461 | Sarlacc Ireland | SarrlaccProductions
462 | Saturnalia Temple | UCV0KLV65-J9qsPzgRxSnqCA
463 | Sautrus | SautruS
464 | Scarce | GoScarce
465 | SciShow | scishow
466 | Scott Hanselman | shanselman
467 | SeanHodgins | UCE-bw6PRKuDlH6fP1mP4nOw
468 | Season of Mist | SeasonOfMistLabel
469 | Security Union | UCGdzZBypBRfqWj1Bgananjw
470 | Seytonic | UCW6xlqxSY3gGur4PkGPEUeA
471 | Shadiversity | shadmbrooks
472 | Shawn Woods | historichunter
473 | Siatris Ende | mordkether
474 | Sigma 3 Survival School | sigma3survivalschool
475 | Sitar Metal | UCf7tGD3-xG-5Rp_1CC6YCzg
476 | Sithu Aye | c2aye
477 | Skallagrim | SkallagrimNilsson
478 | Slayer | slayer
479 | Slightly Sociable | UCgmI-uiLLAg--vDe7FFdekA
480 | SliptrickRecordsTV | 0vendetta
481 | Slow Green Thing | SlowGreenThing
482 | Slund | UC-_J6LnY0NychFne4Qbl3sQ
483 | Small Stone Records | SmallStoneRecords
484 | SmallAnt | Smallantone
485 | Smarter Every Day 2 | FunnerEveryDay
486 | SmarterEveryDay | destinws2
487 | Socratica | SocraticaStudios
488 | "SOIL&""PIMP""SESSIONS" | soilpimp6
489 | Solothus | Solothus
490 | SomeBlackGuy | UC7e57qWIEAZTQAaFwHpKdlw
491 | South Park Studios | southparkstudios
492 | Southwest Mushrooms | UCTXP5BRecHpwa7_sFbbyMng
493 | Space Fisters | UCxz7lWU9-Sf4Skj3MTBjmBQ
494 | Spawn Wave | UCoIXnB865l9Ex9zs4OIXTdQ
495 | Spirit Of The Law | UChzLZJo-SxuPHz-oYKAIC_g
496 | Squidmar Miniatures | UCDvZTWvHZPTxJ4K1yTD2a1g
497 | Star Wars Comics | BesY24
498 | Star Wars Reading Club | UCGShEunFKvEhTYRKesRgakQ
499 | Star Wars Theory | UC8CbFnDTYkiVweaz8y9wd_Q
500 | Stefan Mischook | killerphp
501 | STEM coding | UCXxg0QcUky0d0C20Ua35dyQ
502 | Steve Mould | steventhebrave
503 | Stickmen_mx | StickmenOfficialBand
504 | Still It | UCThY8lOKKkVDd9HVBT59zCg
505 | Stone Machine Electric | StoneMachineElectric
506 | Stoned Meadow Of Doom | StonedMeadowOfDoom93
507 | Stoned Meadow Of Doom 2 | UCkqjcQwTNvsxQWT44N6ESrA
508 | Stoned Ravenous Fuzz | UCxXMS3WkZaYzIPutxkgr6mQ
509 | Stoner & Doom | UCuUdqKF2gts-c71bFl8w6Xw
510 | Stuff Made Here | UCj1VqrHhDte54oLgPG4xpuQ
511 | Styxhexenhammer666 | Styxhexenhammer666
512 | STÖK | UCQN2DsjnYH60SFBIA6IkNwg
513 | SugarTits | UCDc_MCu3ZstNXmAqqT36SNA
514 | Sumerian Records | SumerianRecords
515 | SumitoMedia | superkinkyninja
516 | Sun Mahshene TV | UC6zHZSAqCiCEBTgVG7P4-0g
517 | Sunless | UC2cULeGOpUCZuzAopKtYmzw
518 | Sunnata | sunnataofficial
519 | Super Bunnyhop | bunnyhopshow
520 | SuperGreenLab | UCrRYe415aDReY6AatpmdpfQ
521 | SwitchForce | UC8wucBti_VxVFhUAzOLyMHw
522 | Taiki Maeda | TheTaikster
523 | TAOFLEDERMAUS | taofledermaus
524 | TAOW | theartofweapons
525 | Tasting History with Max Miller | UCsaGKqPZnGp_7N80hcHySGQ
526 | Techlore | UCs6KfncB4OV6Vug4o_bzijg
527 | Techquickie | Techquickie
528 | Temporary Residence Ltd | temporaryresidence
529 | Terpy Highs | UCew5kCHXV-ohJIih3jSUcSA
530 | tesla500 | tesla500
531 | TFiR | muktware
532 | That Works | UCEjEAxdJLOg4k854j-oESfQ
533 | ThatGuyWithTheGlasses | DougWalkerReviews
534 | The 8-Bit Guy | adric22
535 | The Apocalyptic Knight | UCHF0q5bAnwjyaHjgS2LrQJQ
536 | The Bong Druid Of Mammoth Weed Mountain | UCKTDJzaR6Tse7qAMSCP0pGg
537 | The Coding Train | shiffman
538 | The Command Zone | UCLsiaNUb42gRAP7ewbJ0ecQ
539 | The Critical Drinker | jacktaylor1983
540 | The Crossroads Inn | UCoPC7dkH_sUxQtGR0j4rZdg
541 | The Dead-End Alley Band Peru | deabperu
542 | The Drip | UCMMCy1le81jHY8rwcaqQrtA
543 | The Graham Stephan Show | UCa-ckhlKL98F8YXKQ-BALiw
544 | The Hated One | UCjr2bPAyPV7t35MvcgT3W8Q
545 | The Magic Historian | UCYCz6CwGneR81j9VR-LtpQQ
546 | The Ossuary | UCs83UM_h9LAhSyCaVZ0v0hQ
547 | The Rageaholic | xRazorFistx
548 | The Rubin Report | RubinReport
549 | The Salt Factory | UCQrDV_RiKJ-cNyyMdTjzREQ
550 | The Scoundrel's Cantina | UC_n95mI5RYhgQoyuTROMNLg
551 | The Shadowcast | UCE5ls-3WtyXiirzcyzEgxXw
552 | The Sonic Void | UCIRV9ND0aHKeLnHDRa4OXdw
553 | The Spiffing Brit | UCRHXUZ0BxbkU2MYZgsuFgkQ
554 | The Stupendous Wave | UCdIt7cmllmxBK1-rQdu87Gg
555 | The Svart Records Channel | SvartRecords
556 | The Thinkery | UCpiCH7qvGVlzMOqy3dncA5Q
557 | The Thought Emporium | TheChemlife
558 | The Troll Toll Podcast | UCbgr0d6b_-CTfvj4gZ4Vm3Q
559 | The Void72 | UCalzdU8Nqqmv5LtNzoDlxYQ
560 | The Weavers of Eternity Paracord | TheWeaversofEternity
561 | The Work of Sir Christopher Lee | UCAmE4UXTW7aNoADXiJ8prWw
562 | TheBackyardScientist | TheBackyardScientist
563 | TheBritisher | UCegeYNZdLvPQWQktawxYfUA
564 | theneedledrop | theneedledrop
565 | TheParryGod | xricsx
566 | TheQuartering | UCfwE_ODI1YTbdjkzuSi1Nag
567 | TheStockGuy | UC59JmG5MByLNLMDkotbz7pQ
568 | TheStonerMania | TheStonerMania
569 | Things made of cardboard | UCmT5OSgb-1kiag9q8azHJ3Q
570 | Thoughty2 | Thoughty2
571 | Three Leg Dog OFFICIAL | ThreeLegDogBand
572 | Thunderf00t | Thunderf00t
573 | thunderf00tCC | thunderf00tCC
574 | Tim Pool | Timcasts
575 | Timcast | UCe02lGcO-ahAURWuxAJnjdA
576 | Tod's Workshop | todsstuff1
577 | Today I Found Out | TodayIFoundOut
578 | Tolarian Community College | tolariancommunity
579 | Tom Nicholas | UCxt2r57cLastdmrReiQJkEg
580 | Tom Scott | enyay
581 | tomatoanus | UCm6GSA5OROHcIBNkXkH53zQ
582 | TomNomNom | TomNomNomDotCom
583 | TooDamnFilthy | TooDamnFilthy
584 | Townsends | jastownsendandson
585 | tripofdoom | tripofdoom
586 | Tropical Doom | UCBOb3gJuZbbrVQ_hyh860vQ
587 | TSM FTX NumotTheNummy | NumotTheNummy
588 | Tuber | Tuberband
589 | Turkey Tom | UCDKJdFer1phQI95UinPZehw
590 | TVFilthyFrank | TVFilthyFrank
591 | U-238 | UCMf-9Bv7jTJXeUaTtKXKsZA
592 | Unhinged Magi | UC73lE9uCgI-dt2Rrrwdd9og
593 | UnsleevedMedia | mtgheadquarters
594 | Upper Echelon Gamers | UChI0q9a-ZcbZh7dAu_-J-hg
595 | Urso Bardo | UCYDMyx_6AXjaqyTASWZ19Ng
596 | VaatiVidya | VaatiVidya
597 | Vader | panzervader
598 | VaderOG | VaderOG
599 | vanrecords | vanrecords
600 | VELD Death Metal | UCGBzXlQCapso9ZAnTE2RC2g
601 | Veritasium | 1veritasium
602 | Vestri Productions | UC1PBXQzofgQhx38X4WO9vTQ
603 | Video Game Orchestra | VGOOnline
604 | Vihart | Vihart
605 | Villagers of Ioannina City | VICband2010
606 | Vintage MTG | gradedmagiccards
607 | Vintage Rifles Shooters Club | UCTpBCmJbM14WE3BLXf9cFcw
608 | VintageCucumber | VintageCucumber
609 | Violence Of The Sun | UCCuVDJhSalw0pk5TPL3W2WQ
610 | Vodun band | UCFUeI39TcGLkfKrWrSnk6lA
611 | VoiceOfThunder | UCUrdmVprSahXaPKqr04VfgQ
612 | Void Cruiser | UCgi5xM8OfCphKyxhADU1Vkw
613 | voidofsleep | voidofsleep
614 | VoskCoin | UCT44w6854K62cSiwA1aiXfw
615 | Voultar | UCiUAFHtzv_2xJHEjWIk1fOw
616 | Vsauce | Vsauce
617 | Värttinä Official | VarttinaOfficial
618 | VölurDoom | UCTqhF6FCw2r5tIKvzMtOUAQ
619 | WeAreChange | wearechange
620 | Weed In A Pot | UCCMM7iUIUx7Yu8B_uOiF3wA
621 | Weird History | UCc-N24Y5OA0gqbjBwe1ttfA
622 | wermy | UCRP1Zx7B4b66ZwkB2Ov5pMw
623 | What I've Learned | UCqYPhGiB9tkShZorfgcL2lA
624 | WHITE MILES | UC1lc984Vt-4PPbbkpoZHGxQ
625 | Wicked Makers | UCsxpEPfEgqyXC6jaFKQSKVQ
626 | Wisecrack | thugnotes
627 | Witchwood | TheWitchwoodBand
628 | Wizard Of Cause | ngoroff
629 | WolveSpirit | WolveSpiritBand
630 | Woz Lee | UCPRQK6wvn5popKr9Vi-4Pwg
631 | wudijo | UC78d2aaqdrt02RfmtRLmlAw
632 | Xera Asturies | xerainfo
633 | YellowFlash 2 | UCMrpRnyBJhgVBy3rm0K4P5w
634 | YongYea | YongYea
635 | Zahinsky | TheLaymanChronicles
636 | ‡ WOWS ‡ | UCvCv_M4dkaHFmj0wNJKLJAg
637 | マキシマム ザ ホルモン公式 | MTHOFFICIAL
